{
  "horizons_seconds": [
    1,
    5,
    10,
    30,
    60,
    300
  ],
  "correlations": [
    0.008242384147734257,
    0.00938718993329269,
    0.012092404056936486,
    0.004259852818012468,
    -0.00119925877682646,
    -0.007415307684345427
  ],
  "exponential_fit": {
    "a": 0.018873554118614147,
    "b": 0.014659781845755972,
    "c": -0.007882143159200194,
    "half_life_seconds": 47.28223024414326,
    "r_squared": 0.9218373608256947
  },
  "power_law_fit": {
    "a": 0.009731681641171948,
    "b": -0.1185997712165494
  }
}